Hotel Name,Room amenities,Hotel amenities,Staff,Food and beverages,Location
Euro_Hotel_final_attempt,0.13343328335832083,0.34005037783375314,0.8310291858678955,0.5630026809651475,0.8701594533029613
Holiday_Inn_Express_London-Hammersmith,-0.042228212039532795,0.055900621118012424,0.6164383561643836,0.20178799489144317,0.8292134831460675
Lancaster_Hall_Hotel_corrected,0.011655011655011656,-0.16363636363636364,0.7993920972644377,0.43673469387755104,0.8760683760683761
Merit_Kensington_Hotel_final,0.052480230050323505,-0.07650273224043716,0.139186295503212,0.3195402298850575,0.8103975535168195
The_Wellington_Hotel,0.15711947626841244,-0.13402061855670103,0.7446009389671362,0.7946026986506747,0.7710931768158474
